
1.1 -> De modo a garantir a persistência de dados, descarreguei o ficheiro disponibilizado e importei-o no mongodb da seguinte forma: "mongoimport -d scienceJobs -c contracts --file emprego-cientifico2.json --jsonArray".

Após importar o ficheiro, reparei que alguns campos como o campo ProvasAptidao apareciam como uma String vazia e como o valor numérico 0 e 1. Decidi então criar um ficheiro python (ficheiro "test.py") de modo a uniformizar esses campos e ainda adicionar um id a cada contrato.


1.2 -> 
    1: 17943 contratos;
    2: 1446; -> acho q está mal
    3: ["","Agricultura sem definição precisa","Agricultura, silvicultura, pescas e ciências veterinárias sem definição precisa","Ambiente sem definição precisa","Ambientes naturais e vida selvagem","Aprendizagem de línguas","Arquitetura e construção sem definição precisa","Arquitetura e urbanismo","Artes e humanidades sem definição precisa","Artes sem definição precisa","Artesanato","Belas-artes","Biblioteconomia, arquivística e ciências da informação","Biologia","Bioquímica","Ciências biológicas e ciências afins sem definição precisa","Ciências da educação","Ciências da terra","Ciências dentárias","Ciências do ambiente","Ciências empresariais e administração sem definição precisa","Ciências empresariais, administração e direito sem definição precisa","Ciências farmacêuticas","Ciências físicas sem definição precisa","Ciências naturais, matemática e estatística sem definição precisa","Ciências políticas e cidadania","Ciências sociais e comportamentais sem definição precisa","Ciências sociais, jornalismo e informação sem definição precisa","Ciências veterinárias","Competências laborais","Construção civil e engenharia civil","Contabilidade e fiscalidade","Desenvolvimento e análise de software e aplicações informáticas","Design de moda, de interiores e industrial","Design e administração de bases de dados e de redes informáticas","Desporto","Direito","Economia","Eletricidade e energia","Eletrónica e automação","Enfermagem geral e enfermagem obstétrica","Engenharia e tecnologias afins sem definição precisa","Engenharia química e de processos","Engenharia, indústrias transformadoras e construção sem definição precisa","Estatística","Filosofia e ética","Finanças, banca e seguros","Formação de educadores de infância","Formação de professores de áreas disciplinares específicas","Formação de professores de áreas disciplinares não específicas","Física","Gestão e administração","História e arqueologia","Horticultura","Humanidades (exceto línguas) sem definição precisa","Indústrias alimentares","Indústrias extrativas","Informática na ótica do utilizador","Jornalismo e informação sem definição precisa","Jornalismo e reportagem","Literatura e linguística","Línguas sem definição precisa","Marketing e publicidade","Matemática","Matemática e estatística sem definição precisa","Materiais (vidro, papel, plástico e madeira)","Medicina","Medicina tradicional e complementar e terapia","Metalurgia e metalomecânica","Música e artes do espetáculo","Pescas","Produção agrícola e animal","Programas de Agricultura não classificados noutras áreas","Programas de Artes  não classificados noutras áreas","Programas de Artes e humanidades não classificados noutras áreas","Programas de Ciências biológicas e ciências afins não classificados noutras áreas","Programas de Ciências empresariais e administração não classificados noutras áreas","Programas de Ciências empresariais, administração e direito não classificados noutras áreas","Programas de Ciências físicas não classificados noutras áreas","Programas de Ciências sociais e comportamentais não classificados noutras áreas","Programas de Ciências sociais, jornalismo e informação não classificados noutras áreas","Programas de Educação não classifica["AIBILI - Associação para Investigação Biomédica e Inovação em Luz e Imagem","ARCP - Associação Rede Competência em Polímeros","Academia Nacional Superior de Orquestra","Associação para o Desenvolvimento da Aerodinâmica Industrial","Atlântica - Escola Universitária de Ciências Empresariais, Saúde, Tecnologias e Engenharia","C5LAB - Sustainable Construction Materials Association","CESPU-Instituto Politécnico de Saúde do Norte","CESPU-Instituto Politécnico de Saúde do Norte - Escola Superior de Saúde do Vale do Ave","CESPU-Instituto Politécnico de Saúde do Norte - Escola Superior de Saúde do Vale do Sousa","Centro Interdisciplinar de Investigação Marinha e Ambiental","Centro Tecnológico da Cerâmica e do Vidro","Centro Tecnológico da Cortiça","Centro Tecnológico do Calçado de Portugal","Centro de Apoio Tecnológico à Indústria Metalomecânica (Catim)","Centro de Ciências do Mar do Algarve","Centro de Estudos Sociais","Centro de Estudos para a Intervenção Social - CESIS","Centro de Informação e Vigilância Sismovulcânica dos Açores - Civisa","Centro de Investigação de Políticas do Ensino Superior - CIPES","Centro de Investigação em Astronomia/Astrofísica da Universidade do Porto","Centro de Investigação em Sociologia Económica e das Organizações - SOCIUS","Centro de Neurociências e Biologia Celular","Centro em Rede de Investigação em Antropologia","CoLAB InovFeed - Estratégias de Alimentação Inovadoras para uma Produção Animal Sustentável","CoLAB Smart Energy Services Innovation Hub","CoLAB em Sistemas Cyber-físcios e Cyber Segurança","Conservatório Superior de Música de Gaia","Escola Superior Artística do Porto","Escola Superior Gallaecia","Escola Superior Náutica Infante D. Henrique","Escola Superior de Actividades Imobiliárias","Escola Superior de Artes e Design","Escola Superior de Educação Jean Piaget de Arcozelo","Escola Superior de Educação de Fafe","Escola Superior de Educação de João de Deus","Escola Superior de Educação de Paula Frassinetti","Escola Superior de Enfermagem Cruz Vermelha Portuguesa - Alto Tâmega","Escola Superior de Enfermagem de Coimbra","Escola Superior de Enfermagem de Lisboa","Escola Superior de Enfermagem de S. José de Cluny","Escola Superior de Enfermagem do Porto","Escola Superior de Hotelaria e Turismo do Estoril","Escola Superior de Negócios Atlântico","Escola Superior de Saúde Atlântica","Escola Superior de Saúde Egas Moniz","Escola Superior de Saúde Jean Piaget de Vila Nova de Gaia","Escola Superior de Saúde Jean Piaget de Viseu","Escola Superior de Saúde Norte da Cruz Vermelha Portuguesa","Escola Superior de Saúde da Cruz Vermelha Portuguesa - Lisboa","Escola Superior de Saúde da Fundação Fernando Pessoa","Escola Superior de Saúde de Santa Maria","Escola Superior de Saúde do Alcoitão","Escola Superior de Tecnologias de Fafe","Escola Universitária Vasco da Gama","FCIÊNCIAS.ID - Associação para a Investigação e Desenvolvimento de Ciências","Fundação Calouste Gulbenkian","Fundação D. Anna de Sommer Champalimaud e Dr. Carlos Montez Champalimaud","Fundação Gaspar Frutuoso, FP","IDMEC - Instituto de Engenharia Mecânica","INEGI - Instituto de Ciência e Inovação em Engenharia Mecânica e Engenharia Industrial","INESC ID - Instituto de Engenharia de Sistemas e Computadores, Investigação e desenvolvimento em Lisboa","ISAVE - Instituto Superior de Saúde","ISCTE - Instituto Universitário de Lisboa","ISEC Lisboa - Instituto Superior de Educação e Ciências","ISLA - Instituto Politécnico de Gestão e Tecnologia - Escola Superior de Gestão","ISLA - Instituto Politécnico de Gestão e Tecnologia - Escola Superior de Tecnologia","ISLA - Instituto Superior de Gestão e Administração de Leiria","ISLA - Instituto Superior de Gestão e Administração de Santarém","ISPA-Instituto Universitário de Ciências Psicológicas, Sociais e da Vida","IST-ID, Associação do Instituto Superior Técnico para a Investigação e o Desenvolvimento","Instituto Nacional de Engenharia Biomédica","Instituto Nacional de Investigação Agrária e Veterinária, I.P.","Instituto Nacional de Saúde Doutor Ricardo Jorge","Instituto Pedro Nunes - Associação para a Inovação e Desenvolvimento em Ciência e Tecnologia","Instituto Politécnico Jean Piaget do Sul - Escola Superior de Educação Jean Piaget de Almada","Instituto Politécnico Jean Piaget do Sul - Escola Superior de Saúde Jean Piaget de Algarve","Instituto Politécnico Jean Piaget do Sul - Escola Superior de Tecnologia e Gestão Jean Piaget","Instituto Politécnico da Guarda","Instituto Politécnico da Guarda - Escola Superior de Educação, Comunicação e Desporto","Instituto Politécnico da Guarda - Escola Superior de Saúde da Guarda","Instituto Politécnico da Guarda - Escola Superior de Tecnologia e Gestão","Instituto Politécnico da Guarda - Escola Superior de Turismo e Hotelaria","Instituto Politécnico da Lusofonia","Instituto Politécnico da Maia","Instituto Politécnico de Beja","Instituto Politécnico de Bragança","Instituto Politécnico de Bragança - Escola Superior Agrária de Bragança","Instituto Politécnico de Bragança - Escola Superior de Comunicação, Administração e Turismo de Mirandela","Instituto Politécnico de Bragança - Escola Superior de Educação de Bragança","Instituto Politécnico de Bragança - Escola Superior de Saúde de Bragança","Instituto Politécnico de Bragança - Escola Superior de Tecnologia e de Gestão de Bragança","Instituto Politécnico de Castelo Branco","Instituto Politécnico de Castelo Branco - Escola Superior Agrária de Castelo Branco","Instituto Politécnico de Castelo Branco - Escola Superior de Artes Aplicadas de Castelo Branco","Instituto Politécnico de Castelo Branco - Escola Superior de Educação de Castelo Branco","Instituto Politécnico de Castelo Branco - Escola Superior de Gestão de Idanha-a-Nova","Instituto Politécnico de Castelo Branco - Escola Superior de Saúde Dr. Lopes Dias","Instituto Politécnico de Castelo Branco - Escola Superior de Tecnologia de Castelo Branco","Instituto Politécnico de Coimbra","Instituto Politécnico de Coimbra - Escola Superior Agrária de Coimbra","Instituto Politécnico de Coimbra - Escola Superior de Educação de Coimbra","Instituto Politécnico de Coimbra - Escola Superior de Tecnologia da Saúde de Coimbra","Instituto Politécnico de Coimbra - Escola Superior de Tecnologia e Gestão de Oliveira do Hospital","Instituto Politécnico de Coimbra - Instituto Superior de Contabilidade e Administração de Coimbra","Instituto Politécnico de Coimbra - Instituto Superior de Engenharia de Coimbra","Instituto Politécnico de Leiria","Instituto Politécnico de Leiria - Escola Superior de Artes e Design das Caldas da Rainha","Instituto Politécnico de Leiria - Escola Superior de Educação e Ciências Sociais","Instituto Politécnico de Leiria - Escola Superior de Saúde de Leiria","Instituto Politécnico de Leiria - Escola Superior de Tecnologia e Gestão","Instituto Politécnico de Leiria - Escola Superior de Turismo e Tecnologia do Mar de Peniche","Instituto Politécnico de Lisboa - Escola Superior de Comunicação Social","Instituto Politécnico de Lisboa - Escola Superior de Dança","Instituto Politécnico de Lisboa - Escola Superior de Educação de Lisboa","Instituto Politécnico de Lisboa - Escola Superior de Música","Instituto Politécnico de Lisboa - Escola Superior de Teatro e Cinema","Instituto Politécnico de Lisboa - Escola Superior de Tecnologia da Saúde de Lisboa","Instituto Politécnico de Lisboa - Instituto Superior de Contabilidade e Administração de Lisboa","Instituto Politécnico de Lisboa - Instituto Superior de Engenharia de Lisboa","Instituto Politécnico de Portalegre","Instituto Politécnico de Portalegre - Escola Superior Agrária de Elvas","Instituto Politécnico de Portalegre - Escola Superior de Educação  e Ciências Sociais","Instituto Politécnico de Portalegre - Escola Superior de Saúde","Instituto Politécnico de Portalegre - Escola Superior de Tecnologia e Gestão","Instituto Politécnico de Santarém - Escola Superior Agrária de Santarém","Instituto Politécnico de Santarém - Escola Superior de Desporto de Rio Maior","Instituto Politécnico de Santarém - Escola Superior de Educação de Santarém","Instituto Politécnico de Santarém - Escola Superior de Gestão e Tecnologia de Santarém","Instituto Politécnico de Santarém - Escola Superior de Saúde de Santarém","Instituto Politécnico de Setúbal","Instituto Politécnico de Setúbal - Escola Superior de Ciências Empresariais","Instituto Politécnico de Setúbal - Escola Superior de Educação","Instituto Politécnico de Setúbal - Escola Superior de Saúde","Instituto Politécnico de Setúbal - Escola Superior de Tecnologia de Setúbal","Instituto Politécnico de Setúbal - Escola Superior de Tecnologia do Barreiro","Instituto Politécnico de Tomar","Instituto Politécnico de Viana do Castelo","Instituto Politécnico de Viana do Castelo - Escola Superior Agrária","Instituto Politécnico de Viana do Castelo - Escola Superior de Ciências Empresariais","Instituto Politécnico de Viana do Castelo - Escola Superior de Desporto e Lazer de Melgaço","Instituto Politécnico de Viana do Castelo - Escola Superior de Educação","Instituto Politécnico de Viana do Castelo - Escola Superior de Saúde de Viana do Castelo","Instituto Politécnico de Viana do Castelo - Escola Superior de Tecnologia e Gestão","Instituto Politécnico de Viseu - Escola Superior Agrária de Viseu","Instituto Politécnico de Viseu - Escola Superior de Educação de Viseu","Instituto Politécnico de Viseu - Escola Superior de Saúde de Viseu","Instituto Politécnico de Viseu - Escola Superior de Tecnologia e Gestão de Lamego","Instituto Politécnico de Viseu - Escola Superior de Tecnologia e Gestão de Viseu","Instituto Politécnico do Cávado e do Ave","Instituto Politécnico do Porto","Instituto Politécnico do Porto - Escola Superior de Educação","Instituto Politécnico do Porto - Escola Superior de Hotelaria e Turismo","Instituto Politécnico do Porto - Escola Superior de Media Artes e Design","Instituto Politécnico do Porto - Escola Superior de Música e Artes do Espetáculo","Instituto Politécnico do Porto - Escola Superior de Saúde do Porto","Instituto Politécnico do Porto - Escola Superior de Tecnologia e Gestão","Instituto Politécnico do Porto - Instituto Superior de Contabilidade e Administração do Porto","Instituto Politécnico do Porto - Instituto Superior de Engenharia do Porto","Instituto Português de Administração de Marketing de Lisboa","Instituto Português de Administração de Marketing do Porto","Instituto Superior D. Dinis","Instituto Superior Manuel Teixeira Gomes","Instituto Superior Miguel Torga","Instituto Superior Politécnico Gaya - Escola Superior de Ciência e Tecnologia","Instituto Superior Politécnico Gaya - Escola Superior de Ciências Empresariais","Instituto Superior Politécnico Gaya - Escola Superior de Desenvolvimento Social e Comunitário","Instituto Superior de Administração e Gestão","Instituto Superior de Administração e Línguas","Instituto Superior de Ciências Educativas","Instituto Superior de Ciências Educativas do Douro","Instituto Superior de Ciências Empresariais e do Turismo","Instituto Superior de Ciências Policiais e Segurança Interna","Instituto Superior de Ciências da Informação e da Administração","Instituto Superior de Entre Douro e Vouga","Instituto Superior de Estudos Interculturais e Transdisciplinares de Almada","Instituto Superior de Estudos Interculturais e Transdisciplinares de Viseu","Instituto Superior de Gestão","Instituto Superior de Novas Profissões","Instituto Superior de Paços de Brandão","Instituto Superior de Serviço Social do Porto","Instituto Superior de Tecnologias Avançadas de Lisboa","Instituto Superior de Tecnologias Avançadas de Lisboa (Porto)","Instituto Universitário Egas Moniz","Instituto Universitário Militar","Instituto Universitário Militar - Academia Militar","Instituto Universitário Militar - Academia da Força Aérea","Instituto Universitário Militar - Escola Naval","Instituto Universitário Militar - Unidade Politécnica Militar","Instituto Universitário da Maia - ISMAI","Instituto Universitário de Ciências da Saúde","Instituto de Biologia Experimental e Tecnológica","Instituto de Biologia Molecular e Celular - IBMC","Instituto de Ciências Jurídico-Políticas da Faculdade de Direito da Universidade de Lisboa","Instituto de Engenharia de sistemas e Computadores de Coimbra - INESC Coimbra","Instituto de Medicina Molecular - IMM","Instituto de Novas Tecnologias - Inesc Inovação","Instituto de Patologia e Imunologia Molecular da Universidade do Porto (IPATIMUP)","Instituto de Telecomunicações","Laboratório Colaborativo para Inovação na Indústria Alimentar","Laboratório Colaborativo para a Bioeconomia Azul","Laboratório Colaborativo para a Economia Circular","Laboratório Colaborativo para o Atlântico","Laboratório Ibérico Internacional de Nanotecnologia","Laboratório de Instrumentação e Física Experimental de Partículas - LIP","Montanhas de Investigação","NOVA.ID.FCT - Associação para a Inovação e Desenvolvimento da FCT","Piep Associação - Pólo de Inovação em Engenharia de Polímeros","REQUIMTE - Rede de Química e de Tecnologia - Associação","Raiz - Instituto de Investigação da Floresta e Papel","Soluções inovadoras de base biológica para protecção de culturas","UNINOVA - Instituto de Desenvolvimento de Novas Tecnologias","Universidade Aberta","Universidade Autónoma de Lisboa Luís de Camões","Universidade Católica Portuguesa - Centro Regional das Beiras","Universidade Católica Portuguesa - Escola Superior Politécnica de Saúde (Lisboa)","Universidade Católica Portuguesa - Escola Superior Politécnica de Saúde (Porto)","Universidade Católica Portuguesa - Escola Superior de Biotecnologia","Universidade Católica Portuguesa - Escola das Artes","Universidade Católica Portuguesa - Faculdade de Ciências Económicas e Empresariais","Universidade Católica Portuguesa - Faculdade de Ciências Humanas","Universidade Católica Portuguesa - Faculdade de Direito","Universidade Católica Portuguesa - Faculdade de Direito (Porto)","Universidade Católica Portuguesa - Faculdade de Economia e Gestão","Universidade Católica Portuguesa - Faculdade de Educação e Psicologia","Universidade Católica Portuguesa - Faculdade de Filosofia e Ciências Sociais","Universidade Católica Portuguesa - Faculdade de Teologia","Universidade Católica Portuguesa - Faculdade de Teologia (Porto)","Universidade Católica Portuguesa - Instituto de Ciências da Saúde","Universidade Católica Portuguesa - Instituto de Estudos Políticos","Universidade Europeia","Universidade Fernando Pessoa","Universidade Fernando Pessoa - Escola Superior de Saúde","Universidade Lusíada","Universidade Lusíada - Norte","Universidade Lusíada - Norte - Porto","Universidade Lusíada - Norte - Vila Nova de Famalicão","Universidade Lusófona de Humanidades e Tecnologias","Universidade Lusófona do Porto","Universidade Nova de Lisboa","Universidade Nova de Lisboa - Escola Nacional de Saúde Pública","Universidade Nova de Lisboa - Faculdade de Ciências Médicas","Universidade Nova de Lisboa - Faculdade de Ciências Sociais e Humanas","Universidade Nova de Lisboa - Faculdade de Ciências e Tecnologia","Universidade Nova de Lisboa - Faculdade de Direito","Universidade Nova de Lisboa - Faculdade de Economia","Universidade Nova de Lisboa - Instituto Superior de Estatística e Gestão de Informação","Universidade Nova de Lisboa - Instituto de Higiene e Medicina Tropical","Universidade Nova de Lisboa - Instituto de Tecnologia Química e Biológica António Xavier","Universidade Portucalense Infante D. Henrique","Universidade da Beira Interior","Universidade da Beira Interior - Faculdade de Artes e Letras","Universidade da Beira Interior - Faculdade de Ciências","Universidade da Beira Interior - Faculdade de Ciências Sociais e Humanas","Universidade da Beira Interior - Faculdade de Ciências da Saúde","Universidade da Beira Interior - Faculdade de Engenharia","Universidade da Madeira","Universidade da Madeira - Escola Superior de Saúde","Universidade da Madeira - Escola Superior de Tecnologias e Gestão","Universidade da Madeira - Faculdade de Artes e Humanidades","Universidade da Madeira - Faculdade de Ciências Exatas e da Engenharia","Universidade da Madeira - Faculdade de Ciências Sociais","Universidade da Madeira - Faculdade de Ciências da Vida","Universidade de Aveiro","Universidade de Aveiro - Escola Superior de Design, Gestão e Tecnologias da Produção de Aveiro-Norte","Universidade de Aveiro - Escola Superior de Saúde de Aveiro","Universidade de Aveiro - Escola Superior de Tecnologia e Gestão de Águeda","Universidade de Aveiro - Instituto Superior de Contabilidade e Administração de Aveiro","Universidade de Coimbra","Universidade de Coimbra - Colégio das Artes","Universidade de Coimbra - Faculdade de Ciências do Desporto e Educação Física","Universidade de Coimbra - Faculdade de Ciências e Tecnologia","Universidade de Coimbra - Faculdade de Direito","Universidade de Coimbra - Faculdade de Economia","Universidade de Coimbra - Faculdade de Farmácia","Universidade de Coimbra - Faculdade de Letras","Universidade de Coimbra - Faculdade de Medicina","Universidade de Coimbra - Faculdade de Psicologia e de Ciências da Educação","Universidade de Coimbra - Instituto de Ciências Nucleares Aplicadas à Saúde","Universidade de Coimbra - Instituto de Investigação Interdisciplinar","Universidade de Lisboa - Faculdade de Arquitectura","Universidade de Lisboa - Faculdade de Belas-Artes","Universidade de Lisboa - Faculdade de Ciências","Universidade de Lisboa - Faculdade de Direito","Universidade de Lisboa - Faculdade de Farmácia","Universidade de Lisboa - Faculdade de Letras","Universidade de Lisboa - Faculdade de Medicina","Universidade de Lisboa - Faculdade de Medicina Dentária","Universidade de Lisboa - Faculdade de Medicina Veterinária","Universidade de Lisboa - Faculdade de Motricidade Humana","Universidade de Lisboa - Faculdade de Psicologia","Universidade de Lisboa - Instituto Superior Técnico","Universidade de Lisboa - Instituto Superior de Agronomia","Universidade de Lisboa - Instituto Superior de Ciências Sociais e Políticas","Universidade de Lisboa - Instituto Superior de Economia e Gestão","Universidade de Lisboa - Instituto de Ciências Sociais","Universidade de Lisboa - Instituto de Educação","Universidade de Lisboa - Instituto de Geografia e Ordenamento do Território","Universidade de Lisboa - Serviços Centrais","Universidade de Trás-os-Montes e Alto Douro","Universidade de Évora","Universidade de Évora - Escola Superior de Enfermagem de São João de Deus","Universidade de Évora - Escola de Artes","Universidade de Évora - Escola de Ciências Sociais","Universidade de Évora - Escola de Ciências e Tecnologia","Universidade de Évora - Instituto de Investigação e Formação Avançada","Universidade do Algarve","Universidade do Algarve - Escola Superior de Educação e Comunicação","Universidade do Algarve - Escola Superior de Gestão, Hotelaria e Turismo","Universidade do Algarve - Escola Superior de Saúde","Universidade do Algarve - Faculdade de Ciências Humanas e Sociais","Universidade do Algarve - Faculdade de Ciências e Tecnologia","Universidade do Algarve - Faculdade de Economia","Universidade do Algarve - Faculdade de Medicina e Ciências Biomédicas","Universidade do Algarve - Instituto Superior de Engenharia","Universidade do Minho","Universidade do Minho - Escola Superior de Enfermagem","Universidade do Minho - Escola de Arquitetura","Universidade do Minho - Escola de Ciências","Universidade do Minho - Escola de Direito","Universidade do Minho - Escola de Economia e Gestão","Universidade do Minho - Escola de Engenharia","Universidade do Minho - Escola de Medicina","Universidade do Minho - Escola de Psicologia","Universidade do Minho - Instituto de Ciências Sociais","Universidade do Minho - Instituto de Educação","Universidade do Minho - Instituto de Investigação em Biomateriais, Biodegradáveis e Biomiméticos – I3Bs","Universidade do Minho - Instituto de Letras e Ciências Humanas","Universidade do Porto","Universidade do Porto - Faculdade de Arquitetura","Universidade do Porto - Faculdade de Belas Artes","Universidade do Porto - Faculdade de Ciências","Universidade do Porto - Faculdade de Ciências da Nutrição e da Alimentação","Universidade do Porto - Faculdade de Desporto","Universidade do Porto - Faculdade de Direito","Universidade do Porto - Faculdade de Economia","Universidade do Porto - Faculdade de Engenharia","Universidade do Porto - Faculdade de Farmácia","Universidade do Porto - Faculdade de Letras","Universidade do Porto - Faculdade de Medicina","Universidade do Porto - Faculdade de Medicina Dentária","Universidade do Porto - Faculdade de Psicologia e de Ciências da Educação","Universidade do Porto - Instituto de Ciências Biomédicas Abel Salazar","Universidade dos Açores","Universidade dos Açores - Escola Superior de Saúde - Ponta Delgada","Universidade dos Açores - Escola Superior de Tecnologias - Ponta Delgada","Universidade dos Açores - Faculdade de Ciências Agrárias e do Ambiente","Universidade dos Açores - Faculdade de Ciências Sociais e Humanas","Universidade dos Açores - Faculdade de Ciências e Tecnologia","Universidade dos Açores - Faculdade de Economia e Gestão","Vasco da Gama CoLAB - Armazenamento de Energia","Wavec Offshore Renewables","i3S - Instituto de Investigação e Inovação em Saúde da Universidade do Porto - Associação"]dos noutras áreas","Programas de Educação sem definição precisa","Programas de Engenharia e tecnologias afins não classificados noutras áreas","Programas de Engenharia, indústrias transformadoras e construção não classificados noutras áreas","Programas de Humanidades (exceto línguas) não classificados noutras áreas","Programas de Indústrias transformadoras não classificados noutras áreas","Programas de Jornalismo e informação não classificados noutras áreas","Programas de Línguas não classificados noutras áreas","Programas de Proteção social não classificados noutras áreas","Programas de Saúde e proteção social não classificados noutras áreas","Programas de Saúde não classificados noutras áreas","Programas de Tecnologias da informação e comunicação (TICs) não classificados noutras áreas","Programas e qualificações genéricos sem definição precisa","Programas e qualificações interdisciplinares que envolvem a Educação","Programas e qualificações interdisciplinares que envolvem a Engenharia, indústrias transformadoras e construção","Programas e qualificações interdisciplinares que envolvem as Artes e humanidades","Programas e qualificações interdisciplinares que envolvem as Ciências naturais, matemática e estatística","Programas e qualificações interdisciplinares que envolvem as Tecnologias da Informação e Comunicação (TICs)","Proteção social sem definição precisa","Psicologia","Química","Religião e teologia","Saúde e segurança no trabalho","Saúde pública","Saúde sem definição precisa","Serviços de transporte","Serviços pessoais sem definição precisa","Silvicultura","Sociologia e estudos culturais","Tecnologia de proteção do ambiente","Tecnologias da informação e comunicação (TICs) sem definição precisa","Tecnologias de diagnóstico e terapêutica","Terapia e reabilitação","Trabalho social e aconselhamento","Técnicas audiovisuais e produção dos media","Têxteis (vestuário, calçado e couro)","Veículos a motor, navios e aviões","Viagens, turismo e lazer","Área desconhecida"]
    4:
    5: [{"_id":"Instituto Politécnico de Castelo Branco - Escola Superior Agrária de Castelo Branco","count":2},{"_id":"ISCTE - Instituto Universitário de Lisboa","count":510},{"_id":"IST-ID, Associação do Instituto Superior Técnico para a Investigação e o Desenvolvimento","count":45},{"_id":"Instituto Superior de Entre Douro e Vouga","count":9},{"_id":"Laboratório Colaborativo para Inovação na Indústria Alimentar","count":3},{"_id":"Universidade Aberta","count":246},{"_id":"Universidade Católica Portuguesa - Faculdade de Direito","count":47},{"_id":"Universidade Católica Portuguesa - Faculdade de Teologia (Porto)","count":7},{"_id":"Instituto Politécnico de Lisboa - Escola Superior de Dança","count":8},{"_id":"Instituto Politécnico de Bragança","count":23},{"_id":"Instituto Universitário Militar - Academia Militar","count":12},{"_id":"Universidade de Coimbra - Faculdade de Psicologia e de Ciências da Educação","count":39},{"_id":"Universidade de Trás-os-Montes e Alto Douro","count":303},{"_id":"Laboratório Colaborativo para o Atlântico","count":4},{"_id":"Instituto Politécnico de Viana do Castelo","count":12},{"_id":"Universidade dos Açores - Escola Superior de Tecnologias - Ponta Delgada","count":1},{"_id":"Escola Superior Gallaecia","count":4},{"_id":"Instituto Politécnico de Lisboa - Instituto Superior de Contabilidade e Administração de Lisboa","count":117},{"_id":"INEGI - Instituto de Ciência e Inovação em Engenharia Mecânica e Engenharia Industrial","count":8},{"_id":"Instituto Politécnico de Santarém - Escola Superior de Saúde de Santarém","count":13},{"_id":"Instituto Superior Politécnico Gaya - Escola Superior de Desenvolvimento Social e Comunitário","count":4},{"_id":"Universidade do Porto - Faculdade de Medicina","count":254},{"_id":"Universidade da Beira Interior - Faculdade de Engenharia","count":38},{"_id":"Universidade do Porto - Faculdade de Arquitetura","count":33},{"_id":"Universidade do Algarve - Escola Superior de Saúde","count":18},{"_id":"Universidade da Madeira - Escola Superior de Saúde","count":5},{"_id":"Universidade do Minho - Escola de Medicina","count":104},{"_id":"Instituto Politécnico da Lusofonia","count":42},{"_id":"Instituto Politécnico de Setúbal - Escola Superior de Tecnologia de Setúbal","count":47},{"_id":"Universidade do Algarve","count":139},{"_id":"Universidade Europeia","count":93},{"_id":"Instituto Politécnico de Viana do Castelo - Escola Superior de Tecnologia e Gestão","count":66},{"_id":"Instituto Politécnico de Castelo Branco - Escola Superior de Educação de Castelo Branco","count":17},{"_id":"Instituto Politécnico do Porto - Escola Superior de Educação","count":103},{"_id":"Instituto Politécnico Jean Piaget do Sul - Escola Superior de Saúde Jean Piaget de Algarve","count":5},{"_id":"Instituto Superior de Ciências Empresariais e do Turismo","count":18},{"_id":"Universidade Católica Portuguesa - Faculdade de Educação e Psicologia","count":29},{"_id":"Universidade de Lisboa - Instituto de Ciências Sociais","count":112},{"_id":"Universidade do Porto - Faculdade de Medicina Dentária","count":26},{"_id":"Instituto Politécnico da Guarda - Escola Superior de Saúde da Guarda","count":25},{"_id":"Universidade Lusíada - Norte - Porto","count":38},{"_id":"Instituto Politécnico de Viseu - Escola Superior de Tecnologia e Gestão de Lamego","count":25},{"_id":"Universidade Fernando Pessoa","count":83},{"_id":"Instituto Superior Manuel Teixeira Gomes","count":23},{"_id":"CoLAB em Sistemas Cyber-físcios e Cyber Segurança","count":1},{"_id":"Universidade do Porto","count":11},{"_id":"Universidade de Lisboa - Instituto Superior de Economia e Gestão","count":69},{"_id":"Instituto Politécnico de Beja","count":148},{"_id":"Escola Superior de Negócios Atlântico","count":12},{"_id":"Instituto Superior de Ciências Educativas do Douro","count":55},{"_id":"Instituto Politécnico de Leiria - Escola Superior de Tecnologia e Gestão","count":56},{"_id":"Universidade de Lisboa - Serviços Centrais","count":4},{"_id":"Universidade do Porto - Instituto de Ciências Biomédicas Abel Salazar","count":220},{"_id":"Instituto Politécnico de Bragança - Escola Superior de Saúde de Bragança","count":20},{"_id":"Instituto Politécnico do Porto - Escola Superior de Media Artes e Design","count":24},{"_id":"Centro de Apoio Tecnológico à Indústria Metalomecânica (Catim)","count":1},{"_id":"Instituto Politécnico de Viana do Castelo - Escola Superior de Desporto e Lazer de Melgaço","count":13},{"_id":"Instituto Politécnico de Lisboa - Escola Superior de Educação de Lisboa","count":66},{"_id":"Instituto Superior de Ciências Educativas","count":12},{"_id":"Universidade Lusófona de Humanidades e Tecnologias","count":247},{"_id":"Escola Universitária Vasco da Gama","count":32},{"_id":"Instituto Superior D. Dinis","count":4},{"_id":"Universidade da Madeira - Faculdade de Ciências Exatas e da Engenharia","count":19},{"_id":"Universidade de Évora - Escola Superior de Enfermagem de São João de Deus","count":6},{"_id":"Universidade de Lisboa - Faculdade de Medicina Dentária","count":9},{"_id":"Universidade dos Açores - Faculdade de Ciências e Tecnologia","count":9},{"_id":"Universidade Lusíada - Norte - Vila Nova de Famalicão","count":32},{"_id":"CESPU-Instituto Politécnico de Saúde do Norte - Escola Superior de Saúde do Vale do Ave","count":44},{"_id":"Universidade de Lisboa - Faculdade de Farmácia","count":74},{"_id":"Universidade dos Açores","count":23},{"_id":"Instituto Superior de Administração e Línguas","count":8},{"_id":"Universidade da Beira Interior - Faculdade de Ciências Sociais e Humanas","count":37},{"_id":"Universidade do Porto - Faculdade de Ciências da Nutrição e da Alimentação","count":29},{"_id":"i3S - Instituto de Investigação e Inovação em Saúde da Universidade do Porto - Associação","count":33},{"_id":"Instituto Politécnico de Setúbal","count":7},{"_id":"Instituto de Engenharia de sistemas e Computadores de Coimbra - INESC Coimbra","count":3},{"_id":"Raiz - Instituto de Investigação da Floresta e Papel","count":1},{"_id":"Escola Superior de Educação de Paula Frassinetti","count":5},{"_id":"Escola Superior de Tecnologias de Fafe","count":15},{"_id":"CESPU-Instituto Politécnico de Saúde do Norte","count":22},{"_id":"Universidade de Aveiro - Escola Superior de Design, Gestão e Tecnologias da Produção de Aveiro-Norte","count":37},{"_id":"Universidade de Aveiro - Escola Superior de Saúde de Aveiro","count":40},{"_id":"Instituto Politécnico de Setúbal - Escola Superior de Educação","count":40},{"_id":"Instituto Politécnico do Porto - Escola Superior de Saúde do Porto","count":165},{"_id":"Instituto Politécnico de Leiria","count":24},{"_id":"Instituto Politécnico de Santarém - Escola Superior Agrária de Santarém","count":17},{"_id":"Universidade de Coimbra - Faculdade de Farmácia","count":47},{"_id":"Universidade do Algarve - Instituto Superior de Engenharia","count":2},{"_id":"Universidade do Minho - Instituto de Letras e Ciências Humanas","count":50},{"_id":"Vasco da Gama CoLAB - Armazenamento de Energia","count":3},{"_id":"Universidade Nova de Lisboa - Faculdade de Ciências Médicas","count":176},{"_id":"Escola Superior de Educação de Fafe","count":33},{"_id":"Instituto Politécnico de Viana do Castelo - Escola Superior de Ciências Empresariais","count":23},{"_id":"Centro em Rede de Investigação em Antropologia","count":3},{"_id":"Centro de Neurociências e Biologia Celular","count":10},{"_id":"Universidade Católica Portuguesa - Instituto de Ciências da Saúde","count":17},{"_id":"Universidade da Beira Interior","count":3},{"_id":"AIBILI - Associação para Investigação Biomédica e Inovação em Luz e Imagem","count":1},{"_id":"Centro de Ciências do Mar do Algarve","count":17},{"_id":"Universidade de Lisboa - Instituto de Geografia e Ordenamento do Território","count":34},{"_id":"Universidade da Beira Interior - Faculdade de Ciências","count":13},{"_id":"IDMEC - Instituto de Engenharia Mecânica","count":2},{"_id":"Universidade do Algarve - Faculdade de Ciências e Tecnologia","count":27},{"_id":"Escola Superior de Educação de João de Deus","count":7},{"_id":"Universidade do Minho - Escola de Ciências","count":106},{"_id":"Escola Superior de Enfermagem Cruz Vermelha Portuguesa - Alto Tâmega","count":4},{"_id":"Escola Superior de Saúde Egas Moniz","count":10},{"_id":"Universidade Católica Portuguesa - Faculdade de Direito (Porto)","count":22},{"_id":"Escola Superior de Saúde do Alcoitão","count":56},{"_id":"Instituto Politécnico do Porto - Instituto Superior de Contabilidade e Administração do Porto","count":78},{"_id":"Universidade de Coimbra - Faculdade de Letras","count":118},{"_id":"Universidade do Minho - Escola de Psicologia","count":39},{"_id":"Universidade do Minho - Instituto de Investigação em Biomateriais, Biodegradáveis e Biomiméticos – I3Bs","count":93},{"_id":"Universidade do Porto - Faculdade de Direito","count":30},{"_id":"Universidade Nova de Lisboa - Faculdade de Ciências Sociais e Humanas","count":421},{"_id":"Universidade Nova de Lisboa - Faculdade de Direito","count":62},{"_id":"NOVA.ID.FCT - Associação para a Inovação e Desenvolvimento da FCT","count":24},{"_id":"Instituto Superior de Estudos Interculturais e Transdisciplinares de Viseu","count":18},{"_id":"Universidade Nova de Lisboa - Escola Nacional de Saúde Pública","count":29},{"_id":"Universidade de Évora - Escola de Artes","count":38},{"_id":"Instituto Politécnico do Porto - Instituto Superior de Engenharia do Porto","count":235},{"_id":"Universidade Nova de Lisboa - Faculdade de Ciências e Tecnologia","count":341},{"_id":"UNINOVA - Instituto de Desenvolvimento de Novas Tecnologias","count":4},{"_id":"Instituto Politécnico de Portalegre - Escola Superior de Educação  e Ciências Sociais","count":22},{"_id":"Instituto Nacional de Engenharia Biomédica","count":11},{"_id":"Instituto Universitário Militar - Academia da Força Aérea","count":30},{"_id":"Centro de Estudos para a Intervenção Social - CESIS","count":1},{"_id":"Escola Superior de Saúde da Fundação Fernando Pessoa","count":8},{"_id":"Instituto Politécnico de Castelo Branco - Escola Superior de Saúde Dr. Lopes Dias","count":38},{"_id":"Instituto Politécnico de Viana do Castelo - Escola Superior de Educação","count":33},{"_id":"Universidade do Minho - Escola de Engenharia","count":334},{"_id":"Instituto Superior de Ciências Policiais e Segurança Interna","count":5},{"_id":"Escola Superior de Artes e Design","count":5},{"_id":"Escola Superior de Enfermagem de Lisboa","count":53},{"_id":"Instituto Nacional de Saúde Doutor Ricardo Jorge","count":1},{"_id":"Instituto Pedro Nunes - Associação para a Inovação e Desenvolvimento em Ciência e Tecnologia","count":1},{"_id":"Universidade de Évora - Escola de Ciências Sociais","count":44},{"_id":"Wavec Offshore Renewables","count":1},{"_id":"Instituto Politécnico de Castelo Branco - Escola Superior de Artes Aplicadas de Castelo Branco","count":40},{"_id":"Instituto Politécnico do Cávado e do Ave","count":147},{"_id":"Instituto Superior Politécnico Gaya - Escola Superior de Ciências Empresariais","count":4},{"_id":"ARCP - Associação Rede Competência em Polímeros","count":2},{"_id":"Fundação Calouste Gulbenkian","count":21},{"_id":"CoLAB Smart Energy Services Innovation Hub","count":6},{"_id":"Instituto Politécnico do Porto - Escola Superior de Música e Artes do Espetáculo","count":27},{"_id":"Instituto Politécnico de Coimbra - Escola Superior de Educação de Coimbra","count":73},{"_id":"Centro de Investigação em Sociologia Económica e das Organizações - SOCIUS","count":2},{"_id":"Universidade da Madeira - Faculdade de Ciências Sociais","count":29},{"_id":"Universidade de Aveiro - Instituto Superior de Contabilidade e Administração de Aveiro","count":43},{"_id":"Universidade do Algarve - Escola Superior de Educação e Comunicação","count":15},{"_id":"Universidade Nova de Lisboa - Instituto de Tecnologia Química e Biológica António Xavier","count":151},{"_id":"Atlântica - Escola Universitária de Ciências Empresariais, Saúde, Tecnologias e Engenharia","count":64},{"_id":"Instituto Politécnico de Santarém - Escola Superior de Educação de Santarém","count":27},{"_id":"Soluções inovadoras de base biológica para protecção de culturas","count":21},{"_id":"Universidade de Coimbra - Faculdade de Direito","count":35},{"_id":"Escola Superior de Enfermagem de Coimbra","count":68},{"_id":"Universidade de Coimbra - Instituto de Investigação Interdisciplinar","count":20},{"_id":"Universidade de Évora - Instituto de Investigação e Formação Avançada","count":112},{"_id":"Instituto Português de Administração de Marketing do Porto","count":14},{"_id":"Universidade Católica Portuguesa - Escola das Artes","count":23},{"_id":"Universidade de Évora - Escola de Ciências e Tecnologia","count":58},{"_id":"Instituto de Ciências Jurídico-Políticas da Faculdade de Direito da Universidade de Lisboa","count":1},{"_id":"Instituto Politécnico de Coimbra - Escola Superior Agrária de Coimbra","count":17},{"_id":"Universidade de Lisboa - Instituto Superior de Agronomia","count":136},{"_id":"Instituto Politécnico de Lisboa - Escola Superior de Música","count":18},{"_id":"Instituto Politécnico de Portalegre - Escola Superior de Saúde","count":13},{"_id":"Instituto Politécnico de Portalegre - Escola Superior Agrária de Elvas","count":9},{"_id":"Centro Tecnológico da Cortiça","count":2},{"_id":"Universidade de Coimbra - Instituto de Ciências Nucleares Aplicadas à Saúde","count":23},{"_id":"Universidade do Algarve - Faculdade de Ciências Humanas e Sociais","count":21},{"_id":"Instituto Politécnico de Lisboa - Escola Superior de Tecnologia da Saúde de Lisboa","count":125},{"_id":"Universidade de Lisboa - Faculdade de Belas-Artes","count":29},{"_id":"Universidade dos Açores - Escola Superior de Saúde - Ponta Delgada","count":2},{"_id":"Instituto Universitário Militar - Unidade Politécnica Militar","count":1},{"_id":"Universidade de Coimbra - Faculdade de Ciências e Tecnologia","count":482},{"_id":"Instituto Politécnico de Bragança - Escola Superior Agrária de Bragança","count":9},{"_id":"Escola Superior de Enfermagem do Porto","count":5},{"_id":"Instituto Politécnico da Guarda - Escola Superior de Tecnologia e Gestão","count":8},{"_id":"Instituto Politécnico Jean Piaget do Sul - Escola Superior de Educação Jean Piaget de Almada","count":16},{"_id":"REQUIMTE - Rede de Química e de Tecnologia - Associação","count":1},{"_id":"Instituto de Biologia Experimental e Tecnológica","count":8},{"_id":"Universidade Católica Portuguesa - Escola Superior de Biotecnologia","count":109},{"_id":"Instituto Politécnico do Porto","count":105},{"_id":"Universidade Católica Portuguesa - Escola Superior Politécnica de Saúde (Lisboa)","count":7},{"_id":"Universidade da Madeira - Faculdade de Artes e Humanidades","count":37},{"_id":"Universidade de Lisboa - Instituto de Educação","count":50},{"_id":"Universidade do Porto - Faculdade de Psicologia e de Ciências da Educação","count":105},{"_id":"Instituto Politécnico de Lisboa - Instituto Superior de Engenharia de Lisboa","count":99},{"_id":"Instituto Superior de Tecnologias Avançadas de Lisboa","count":9},{"_id":"Escola Superior de Saúde de Santa Maria","count":19},{"_id":"Instituto Universitário Militar","count":5},{"_id":"ISAVE - Instituto Superior de Saúde","count":10},{"_id":"Universidade Católica Portuguesa - Faculdade de Teologia","count":24},{"_id":"Instituto Universitário Egas Moniz","count":16},{"_id":"Universidade do Minho - Escola de Arquitetura","count":51},{"_id":"Universidade Lusíada - Norte","count":7},{"_id":"Instituto Politécnico de Santarém - Escola Superior de Desporto de Rio Maior","count":25},{"_id":"Universidade do Porto - Faculdade de Ciências","count":313},{"_id":"Universidade de Lisboa - Faculdade de Letras","count":156},{"_id":"Instituto Politécnico de Coimbra - Escola Superior de Tecnologia da Saúde de Coimbra","count":29},{"_id":"Instituto Politécnico de Lisboa - Escola Superior de Teatro e Cinema","count":21},{"_id":"Universidade dos Açores - Faculdade de Ciências Agrárias e do Ambiente","count":11},{"_id":"Universidade Lusófona do Porto","count":90},{"_id":"Universidade de Aveiro","count":1066},{"_id":"ISEC Lisboa - Instituto Superior de Educação e Ciências","count":72},{"_id":"Universidade do Minho - Instituto de Educação","count":17},{"_id":"INESC ID - Instituto de Engenharia de Sistemas e Computadores, Investigação e desenvolvimento em Lisboa","count":4},{"_id":"Instituto Politécnico de Bragança - Escola Superior de Comunicação, Administração e Turismo de Mirandela","count":31},{"_id":"Escola Superior de Saúde Norte da Cruz Vermelha Portuguesa","count":30},{"_id":"Instituto Politécnico de Coimbra - Escola Superior de Tecnologia e Gestão de Oliveira do Hospital","count":15},{"_id":"Instituto Politécnico de Santarém - Escola Superior de Gestão e Tecnologia de Santarém","count":29},{"_id":"FCIÊNCIAS.ID - Associação para a Investigação e Desenvolvimento de Ciências","count":81},{"_id":"Instituto de Telecomunicações","count":15},{"_id":"Escola Superior de Saúde da Cruz Vermelha Portuguesa - Lisboa","count":21},{"_id":"Montanhas de Investigação","count":4},{"_id":"Academia Nacional Superior de Orquestra","count":3},{"_id":"Universidade de Lisboa - Faculdade de Medicina Veterinária","count":24},{"_id":"Universidade de Lisboa - Faculdade de Psicologia","count":50},{"_id":"Instituto Politécnico de Bragança - Escola Superior de Educação de Bragança","count":52},{"_id":"Universidade de Coimbra - Faculdade de Medicina","count":158},{"_id":"CoLAB InovFeed - Estratégias de Alimentação Inovadoras para uma Produção Animal Sustentável","count":2},{"_id":"Instituto Politécnico de Bragança - Escola Superior de Tecnologia e de Gestão de Bragança","count":17},{"_id":"Centro de Estudos Sociais","count":15},{"_id":"Escola Superior Artística do Porto","count":15},{"_id":"Centro de Informação e Vigilância Sismovulcânica dos Açores - Civisa","count":1},{"_id":"Instituto Universitário da Maia - ISMAI","count":269},{"_id":"Instituto Português de Administração de Marketing de Lisboa","count":15},{"_id":"Universidade Católica Portuguesa - Escola Superior Politécnica de Saúde (Porto)","count":9},{"_id":"Instituto Politécnico do Porto - Escola Superior de Hotelaria e Turismo","count":17},{"_id":"Instituto Politécnico da Guarda - Escola Superior de Educação, Comunicação e Desporto","count":14},{"_id":"Instituto Politécnico da Maia","count":89},{"_id":"Universidade Católica Portuguesa - Faculdade de Ciências Humanas","count":129},{"_id":"Universidade de Coimbra - Faculdade de Economia","count":54},{"_id":"Instituto Politécnico de Castelo Branco","count":1},{"_id":"Instituto Superior de Gestão","count":20},{"_id":"Instituto Superior de Novas Profissões","count":4},{"_id":"Centro de Investigação em Astronomia/Astrofísica da Universidade do Porto","count":5},{"_id":"Instituto Politécnico de Coimbra","count":4},{"_id":"Instituto Politécnico da Guarda - Escola Superior de Turismo e Hotelaria","count":2},{"_id":"Instituto Politécnico de Viseu - Escola Superior de Saúde de Viseu","count":7},{"_id":"Universidade de Lisboa - Faculdade de Arquitectura","count":84},{"_id":"Universidade do Algarve - Escola Superior de Gestão, Hotelaria e Turismo","count":21},{"_id":"Instituto Politécnico de Viseu - Escola Superior de Tecnologia e Gestão de Viseu","count":47},{"_id":"Instituto Politécnico de Leiria - Escola Superior de Artes e Design das Caldas da Rainha","count":28},{"_id":"ISPA-Instituto Universitário de Ciências Psicológicas, Sociais e da Vida","count":156},{"_id":"Instituto Superior de Administração e Gestão","count":47},{"_id":"ISLA - Instituto Politécnico de Gestão e Tecnologia - Escola Superior de Gestão","count":39},{"_id":"Universidade do Minho - Escola de Economia e Gestão","count":77},{"_id":"Escola Superior de Hotelaria e Turismo do Estoril","count":45},{"_id":"CESPU-Instituto Politécnico de Saúde do Norte - Escola Superior de Saúde do Vale do Sousa","count":38},{"_id":"Instituto Politécnico da Guarda","count":47},{"_id":"Universidade de Coimbra - Faculdade de Ciências do Desporto e Educação Física","count":4},{"_id":"Universidade do Porto - Faculdade de Farmácia","count":34},{"_id":"Universidade do Porto - Faculdade de Desporto","count":48},{"_id":"Escola Superior de Actividades Imobiliárias","count":7},{"_id":"Laboratório Colaborativo para a Economia Circular","count":1},{"_id":"Universidade Portucalense Infante D. Henrique","count":36},{"_id":"Instituto Universitário de Ciências da Saúde","count":156},{"_id":"Universidade Nova de Lisboa - Faculdade de Economia","count":134},{"_id":"Universidade Católica Portuguesa - Faculdade de Ciências Económicas e Empresariais","count":96},{"_id":"Instituto de Novas Tecnologias - Inesc Inovação","count":1},{"_id":"Instituto Superior de Serviço Social do Porto","count":7},{"_id":"Universidade do Porto - Faculdade de Belas Artes","count":56},{"_id":"Universidade do Porto - Faculdade de Letras","count":112},{"_id":"Instituto Politécnico de Leiria - Escola Superior de Educação e Ciências Sociais","count":58},{"_id":"Universidade de Lisboa - Faculdade de Ciências","count":328},{"_id":"Instituto de Biologia Molecular e Celular - IBMC","count":11},{"_id":"Escola Superior de Saúde Jean Piaget de Vila Nova de Gaia","count":9},{"_id":"Instituto Superior de Tecnologias Avançadas de Lisboa (Porto)","count":6},{"_id":"Universidade da Beira Interior - Faculdade de Ciências da Saúde","count":25},{"_id":"Instituto Superior de Estudos Interculturais e Transdisciplinares de Almada","count":15},{"_id":"Escola Superior de Educação Jean Piaget de Arcozelo","count":4},{"_id":"Centro de Investigação de Políticas do Ensino Superior - CIPES","count":4},{"_id":"Instituto Politécnico de Lisboa - Escola Superior de Comunicação Social","count":67},{"_id":"Universidade Autónoma de Lisboa Luís de Camões","count":105},{"_id":"ISLA - Instituto Superior de Gestão e Administração de Santarém","count":13},{"_id":"Escola Superior de Saúde Atlântica","count":14},{"_id":"Escola Superior Náutica Infante D. Henrique","count":28},{"_id":"Laboratório Colaborativo para a Bioeconomia Azul","count":1},{"_id":"Instituto Superior de Paços de Brandão","count":5},{"_id":"Universidade Católica Portuguesa - Faculdade de Economia e Gestão","count":17},{"_id":"Universidade da Madeira - Faculdade de Ciências da Vida","count":10},{"_id":"Universidade de Aveiro - Escola Superior de Tecnologia e Gestão de Águeda","count":59},{"_id":"Instituto Politécnico de Castelo Branco - Escola Superior de Gestão de Idanha-a-Nova","count":11},{"_id":"Instituto Politécnico de Viseu - Escola Superior Agrária de Viseu","count":8},{"_id":"Universidade Católica Portuguesa - Centro Regional das Beiras","count":53},{"_id":"Universidade de Coimbra - Colégio das Artes","count":6},{"_id":"Universidade de Lisboa - Faculdade de Motricidade Humana","count":39},{"_id":"Universidade de Lisboa - Instituto Superior Técnico","count":366},{"_id":"Fundação D. Anna de Sommer Champalimaud e Dr. Carlos Montez Champalimaud","count":7},{"_id":"Universidade do Minho","count":166},{"_id":"Universidade do Minho - Escola Superior de Enfermagem","count":6},{"_id":"Universidade Católica Portuguesa - Faculdade de Filosofia e Ciências Sociais","count":17},{"_id":"Instituto Politécnico de Portalegre","count":1},{"_id":"Universidade do Algarve - Faculdade de Economia","count":12},{"_id":"Universidade do Algarve - Faculdade de Medicina e Ciências Biomédicas","count":54},{"_id":"Instituto Politécnico Jean Piaget do Sul - Escola Superior de Tecnologia e Gestão Jean Piaget","count":4},{"_id":"Instituto Politécnico de Setúbal - Escola Superior de Tecnologia do Barreiro","count":41},{"_id":"Universidade da Madeira","count":16},{"_id":"Universidade do Minho - Instituto de Ciências Sociais","count":36},{"_id":"Universidade de Lisboa - Instituto Superior de Ciências Sociais e Políticas","count":86},{"_id":"Universidade Nova de Lisboa - Instituto Superior de Estatística e Gestão de Informação","count":64},{"_id":"Instituto Politécnico de Viseu - Escola Superior de Educação de Viseu","count":48},{"_id":"Universidade de Évora","count":2},{"_id":"Universidade dos Açores - Faculdade de Economia e Gestão","count":8},{"_id":"ISLA - Instituto Politécnico de Gestão e Tecnologia - Escola Superior de Tecnologia","count":33},{"_id":"Instituto Politécnico de Castelo Branco - Escola Superior de Tecnologia de Castelo Branco","count":11},{"_id":"Centro Interdisciplinar de Investigação Marinha e Ambiental","count":8},{"_id":"Universidade do Porto - Faculdade de Engenharia","count":432},{"_id":"Universidade Fernando Pessoa - Escola Superior de Saúde","count":9},{"_id":"Instituto Politécnico do Porto - Escola Superior de Tecnologia e Gestão","count":85},{"_id":"Instituto Superior Politécnico Gaya - Escola Superior de Ciência e Tecnologia","count":12},{"_id":"Fundação Gaspar Frutuoso, FP","count":1},{"_id":"Escola Superior de Enfermagem de S. José de Cluny","count":19},{"_id":"Instituto Politécnico de Viana do Castelo - Escola Superior de Saúde de Viana do Castelo","count":19},{"_id":"Universidade Lusíada","count":141},{"_id":"Instituto de Medicina Molecular - IMM","count":33},{"_id":"Escola Superior de Saúde Jean Piaget de Viseu","count":9},{"_id":"Instituto Politécnico de Portalegre - Escola Superior de Tecnologia e Gestão","count":19},{"_id":"Instituto Politécnico de Setúbal - Escola Superior de Saúde","count":19},{"_id":"Instituto Politécnico de Tomar","count":65},{"_id":"Universidade do Minho - Escola de Direito","count":25},{"_id":"Universidade de Coimbra","count":116},{"_id":"Universidade de Lisboa - Faculdade de Medicina","count":100},{"_id":"Instituto Politécnico de Coimbra - Instituto Superior de Contabilidade e Administração de Coimbra","count":65},{"_id":"Universidade dos Açores - Faculdade de Ciências Sociais e Humanas","count":22},{"_id":"Instituto Superior de Ciências da Informação e da Administração","count":46},{"_id":"Instituto Universitário Militar - Escola Naval","count":15},{"_id":"Universidade Católica Portuguesa - Instituto de Estudos Políticos","count":22},{"_id":"Universidade da Beira Interior - Faculdade de Artes e Letras","count":44},{"_id":"Instituto de Patologia e Imunologia Molecular da Universidade do Porto (IPATIMUP)","count":5},{"_id":"Conservatório Superior de Música de Gaia","count":1},{"_id":"Instituto Politécnico de Coimbra - Instituto Superior de Engenharia de Coimbra","count":53},{"_id":"Centro Tecnológico do Calçado de Portugal","count":2},{"_id":"Universidade da Madeira - Escola Superior de Tecnologias e Gestão","count":40},{"_id":"Piep Associação - Pólo de Inovação em Engenharia de Polímeros","count":16},{"_id":"Laboratório Ibérico Internacional de Nanotecnologia","count":63},{"_id":"Universidade Nova de Lisboa - Instituto de Higiene e Medicina Tropical","count":54},{"_id":"Centro Tecnológico da Cerâmica e do Vidro","count":1},{"_id":"Instituto Politécnico de Leiria - Escola Superior de Turismo e Tecnologia do Mar de Peniche","count":52},{"_id":"Associação para o Desenvolvimento da Aerodinâmica Industrial","count":3},{"_id":"Instituto Politécnico de Setúbal - Escola Superior de Ciências Empresariais","count":27},{"_id":"Universidade do Porto - Faculdade de Economia","count":72},{"_id":"Instituto Nacional de Investigação Agrária e Veterinária, I.P.","count":5},{"_id":"C5LAB - Sustainable Construction Materials Association","count":22},{"_id":"Laboratório de Instrumentação e Física Experimental de Partículas - LIP","count":10},{"_id":"Instituto Politécnico de Leiria - Escola Superior de Saúde de Leiria","count":41},{"_id":"Universidade Nova de Lisboa","count":18},{"_id":"Universidade de Lisboa - Faculdade de Direito","count":46},{"_id":"Instituto Superior Miguel Torga","count":38},{"_id":"ISLA - Instituto Superior de Gestão e Administração de Leiria","count":8},{"_id":"Instituto Politécnico de Viana do Castelo - Escola Superior Agrária","count":21}]


1.3-> De modo a executar o exercício basta mudar para a diretoria ex1 e executar o comando npm start.

2-> De modo a executar o exercício basta mudar para a diretoria ex1 e executar o comando npm start. Após executar o comando, o serviço fica disponível e pode ser acedido a partir de um browser. Neste exercício as rotas da API de dados ainda funcionam, no entanto não adicionei interfaces, apenas adicionei as pedidas.